{"val_loss": [0.26605282386144, 0.24220733676637923, 0.21818681433654966, 0.20108433764889128, 0.18918159608613877, 0.18022554198333196, 0.1728578212090901, 0.16661533057122002, 0.16109003311679476, 0.15623379845846266, 0.15172698239485422, 0.1476677430924915, 0.14394448555083503, 0.140531968661717, 0.13735133416312081, 0.1344410459654672, 0.1317538924728121, 0.12931785748118446, 0.12715235130843663, 0.12498118276823135, 0.12304242666278567, 0.12120386487813223, 0.11954533233529045, 0.1179330138592493, 0.11644758787893114, 0.11508866253069469, 0.11376961332275753, 0.11253007328510284, 0.11137368875741958, 0.11029972013405391, 0.1092888371688979, 0.10835031584330967, 0.10744525112992241, 0.10662250775950295, 0.10581666752837954, 0.10506592586494627, 0.10433777284622192, 0.10367239183187485, 0.10302307854379926, 0.10243325044143768, 0.10185980415060407, 0.1013337528364999, 0.10080701411338079, 0.1003190872498921, 0.0998705720504125, 0.09941058576107026, 0.09899613251288732, 0.09857293323108128, 0.09820869937397185, 0.0978453848532268, 0.09748331843103682, 0.09713908708663214, 0.0968283421879723, 0.09652487550179163, 0.09623345452547073, 0.0959562875742004, 0.09569512187015443, 0.0954623709150723, 0.09521308164937156, 0.09498664423965272, 0.09477529283080782, 0.09455928041821435, 0.09437761854841596, 0.09419801253931863, 0.09403646364666167, 0.09383958936589105, 0.0936830690247672, 0.09352715917995998, 0.0933924807253338, 0.09326448240734282, 0.09311242156653177, 0.09298384018171402, 0.09285763195015136, 0.09274755675735928, 0.09263647532463073, 0.09252520451943079, 0.09242172218504406, 0.09233514602695192, 0.09223223832107726, 0.09214351676475434, 0.09206234381312416, 0.09198083861101242, 0.0918947005158379, 0.09181650601682209, 0.09174135430086226, 0.09166440234865461, 0.09159360886755444, 0.09152587672926131, 0.0914593339023136, 0.09139612101373218, 0.09132926592940376, 0.09128754481247493, 0.09122896409318561, 0.09117221896705173, 0.09111238895427613, 0.09106363350436801, 0.09101756426266261, 0.09097131833008358, 0.09093493260372253, 0.09088229892367408], "loss": [0.3486848491420265, 0.2577496127992117, 0.23265599865572792, 0.21202646586574425, 0.1975366213902706, 0.18712614177154893, 0.17889496307413116, 0.171957847528097, 0.16598156960471339, 0.1607306710762136, 0.15602452563037392, 0.15174305555700254, 0.14782040090019963, 0.14421420369328572, 0.14089634605015025, 0.13785124995127446, 0.13505476564820074, 0.13248439222724498, 0.1301157438935352, 0.12793436101003855, 0.12590950394979045, 0.12402691311295293, 0.12227296621158343, 0.12063033513562019, 0.11909291165966948, 0.11765150861980535, 0.11629866079422606, 0.11502840138533536, 0.1138357257322103, 0.11271939543265254, 0.11166752691429202, 0.11068163443563366, 0.10975448984408578, 0.1088837255960753, 0.10806363583662931, 0.10728870631817009, 0.10655999698258248, 0.10586892722183917, 0.1052149606592515, 0.10459621137480776, 0.10400655172702646, 0.10344904195711392, 0.10292002379393377, 0.10241392265748576, 0.10193338148433621, 0.10147663946211839, 0.1010421244296707, 0.10062597604509162, 0.10022941568869502, 0.09985162836162984, 0.09949075720089824, 0.09914814694789277, 0.0988205571480158, 0.09850621146164021, 0.09820864231796826, 0.09792401912983727, 0.0976534382290199, 0.09739426886835018, 0.09714932954411547, 0.09691517139633163, 0.09669092450472487, 0.09647809072201993, 0.09627608939028588, 0.09608205158419969, 0.09589883830917983, 0.09572314151445356, 0.09555581112118329, 0.0953957214956524, 0.0952434299528098, 0.09509690318738713, 0.09495922865486947, 0.09482669368511489, 0.09469928386081167, 0.0945776088613422, 0.09446087771804393, 0.09434906508191293, 0.09424112032792148, 0.09413754022522133, 0.09403889169963468, 0.09394471854472361, 0.09385241875778727, 0.09376525851658413, 0.09368098061826048, 0.09359879749863087, 0.09352031994817638, 0.0934432814907627, 0.09337124244756058, 0.09330078660039341, 0.09323123480993159, 0.09316539611786354, 0.09310037151054174, 0.09303835902845159, 0.09297790020403741, 0.0929194650149145, 0.09286390822725135, 0.09280856747887715, 0.09275460875835739, 0.09270207255477665, 0.0926523680752065, 0.09260397751792139]}